PassengerId,Survived,Pclass,Sex,Age,SibSp,Parch,Fare,Embarked,HasCabin,FamilySize,IsAlone,Title,AgeBand,FareBand
1,0,3,0,22.0,1,0,7.25,0.0,0,2,0,1,1,0
2,1,1,1,38.0,1,0,71.2833,1.0,1,2,0,3,2,3
3,1,3,1,26.0,0,0,7.925,0.0,0,1,1,2,1,1
4,1,1,1,35.0,1,0,53.1,0.0,1,2,0,3,2,3
5,0,3,0,35.0,0,0,8.05,0.0,0,1,1,1,2,1
6,0,3,0,25.0,0,0,8.4583,2.0,0,1,1,1,1,1
7,0,1,0,54.0,0,0,51.8625,0.0,1,1,1,1,3,3
8,0,3,0,2.0,3,1,21.075,0.0,0,5,0,4,0,2
9,1,3,1,27.0,0,2,11.1333,0.0,0,3,0,3,1,1
10,1,2,1,14.0,1,0,30.0708,1.0,0,2,0,3,0,2
11,1,3,1,4.0,1,1,16.7,0.0,1,3,0,2,0,2
12,1,1,1,58.0,0,0,26.55,0.0,1,1,1,2,3,2
13,0,3,0,20.0,0,0,8.05,0.0,0,1,1,1,1,1
14,0,3,0,39.0,1,5,31.275,0.0,0,7,0,1,2,3
15,0,3,1,14.0,0,0,7.8542,0.0,0,1,1,2,0,0
16,1,2,1,55.0,0,0,16.0,0.0,0,1,1,3,3,2
17,0,3,0,2.0,4,1,29.125,2.0,0,6,0,4,0,2
18,1,2,0,30.0,0,0,13.0,0.0,0,1,1,1,1,1
19,0,3,1,31.0,1,0,18.0,0.0,0,2,0,3,1,2
20,1,3,1,21.5,0,0,7.225,1.0,0,1,1,3,1,0
21,0,2,0,35.0,0,0,26.0,0.0,0,1,1,1,2,2
22,1,2,0,34.0,0,0,13.0,0.0,1,1,1,1,2,1
23,1,3,1,15.0,0,0,8.0292,2.0,0,1,1,2,0,1
24,1,1,0,28.0,0,0,35.5,0.0,1,1,1,1,1,3
25,0,3,1,8.0,3,1,21.075,0.0,0,5,0,2,0,2
26,1,3,1,38.0,1,5,31.3875,0.0,0,7,0,3,2,3
27,0,3,0,25.0,0,0,7.225,1.0,0,1,1,1,1,0
28,0,1,0,19.0,3,2,263.0,0.0,1,6,0,1,1,3
29,1,3,1,21.5,0,0,7.8792,2.0,0,1,1,2,1,0
30,0,3,0,25.0,0,0,7.8958,0.0,0,1,1,1,1,0
31,0,1,0,40.0,0,0,27.7208,1.0,0,1,1,5,2,2
32,1,1,1,35.0,1,0,146.5208,1.0,1,2,0,3,2,3
33,1,3,1,21.5,0,0,7.75,2.0,0,1,1,2,1,0
34,0,2,0,66.0,0,0,10.5,0.0,0,1,1,1,4,1
35,0,1,0,28.0,1,0,82.1708,1.0,0,2,0,1,1,3
36,0,1,0,42.0,1,0,52.0,0.0,0,2,0,1,2,3
37,1,3,0,25.0,0,0,7.2292,1.0,0,1,1,1,1,0
38,0,3,0,21.0,0,0,8.05,0.0,0,1,1,1,1,1
39,0,3,1,18.0,2,0,18.0,0.0,0,3,0,2,1,2
40,1,3,1,14.0,1,0,11.2417,1.0,0,2,0,2,0,1
41,0,3,1,40.0,1,0,9.475,0.0,0,2,0,3,2,1
42,0,2,1,27.0,1,0,21.0,0.0,0,2,0,3,1,2
43,0,3,0,25.0,0,0,7.8958,1.0,0,1,1,1,1,0
44,1,2,1,3.0,1,2,41.5792,1.0,0,4,0,2,0,3
45,1,3,1,19.0,0,0,7.8792,2.0,0,1,1,2,1,0
46,0,3,0,25.0,0,0,8.05,0.0,0,1,1,1,1,1
47,0,3,0,25.0,1,0,15.5,2.0,0,2,0,1,1,2
48,1,3,1,21.5,0,0,7.75,2.0,0,1,1,2,1,0
49,0,3,0,25.0,2,0,21.6792,1.0,0,3,0,1,1,2
50,0,3,1,18.0,1,0,17.8,0.0,0,2,0,3,1,2
51,0,3,0,7.0,4,1,39.6875,0.0,0,6,0,4,0,3
52,0,3,0,21.0,0,0,7.8,0.0,0,1,1,1,1,0
53,1,1,1,49.0,1,0,76.7292,1.0,1,2,0,3,3,3
54,1,2,1,29.0,1,0,26.0,0.0,0,2,0,3,1,2
55,0,1,0,65.0,0,1,61.9792,1.0,1,2,0,1,4,3
56,1,1,0,40.0,0,0,35.5,0.0,1,1,1,1,2,3
57,1,2,1,21.0,0,0,10.5,0.0,0,1,1,2,1,1
58,0,3,0,28.5,0,0,7.2292,1.0,0,1,1,1,1,0
59,1,2,1,5.0,1,2,27.75,0.0,0,4,0,2,0,2
60,0,3,0,11.0,5,2,46.9,0.0,0,8,0,4,0,3
61,0,3,0,22.0,0,0,7.2292,1.0,0,1,1,1,1,0
62,1,1,1,38.0,0,0,80.0,0.0,1,1,1,2,2,3
63,0,1,0,45.0,1,0,83.475,0.0,1,2,0,1,2,3
64,0,3,0,4.0,3,2,27.9,0.0,0,6,0,4,0,2
65,0,1,0,40.0,0,0,27.7208,1.0,0,1,1,1,2,2
66,1,3,0,25.0,1,1,15.2458,1.0,0,3,0,4,1,2
67,1,2,1,29.0,0,0,10.5,0.0,1,1,1,3,1,1
68,0,3,0,19.0,0,0,8.1583,0.0,0,1,1,1,1,1
69,1,3,1,17.0,4,2,7.925,0.0,0,7,0,2,1,1
70,0,3,0,26.0,2,0,8.6625,0.0,0,3,0,1,1,1
71,0,2,0,32.0,0,0,10.5,0.0,0,1,1,1,1,1
72,0,3,1,16.0,5,2,46.9,0.0,0,8,0,2,0,3
73,0,2,0,21.0,0,0,73.5,0.0,0,1,1,1,1,3
74,0,3,0,26.0,1,0,14.4542,1.0,0,2,0,1,1,1
75,1,3,0,32.0,0,0,56.4958,0.0,0,1,1,1,1,3
76,0,3,0,25.0,0,0,7.65,0.0,1,1,1,1,1,0
77,0,3,0,25.0,0,0,7.8958,0.0,0,1,1,1,1,0
78,0,3,0,25.0,0,0,8.05,0.0,0,1,1,1,1,1
79,1,2,0,0.83,0,2,29.0,0.0,0,3,0,4,0,2
80,1,3,1,30.0,0,0,12.475,0.0,0,1,1,2,1,1
81,0,3,0,22.0,0,0,9.0,0.0,0,1,1,1,1,1
82,1,3,0,29.0,0,0,9.5,0.0,0,1,1,1,1,1
83,1,3,1,21.5,0,0,7.7875,2.0,0,1,1,2,1,0
84,0,1,0,28.0,0,0,47.1,0.0,0,1,1,1,1,3
85,1,2,1,17.0,0,0,10.5,0.0,0,1,1,2,1,1
86,1,3,1,33.0,3,0,15.85,0.0,0,4,0,3,2,2
87,0,3,0,16.0,1,3,34.375,0.0,0,5,0,1,0,3
88,0,3,0,25.0,0,0,8.05,0.0,0,1,1,1,1,1
89,1,1,1,23.0,3,2,263.0,0.0,1,6,0,2,1,3
90,0,3,0,24.0,0,0,8.05,0.0,0,1,1,1,1,1
91,0,3,0,29.0,0,0,8.05,0.0,0,1,1,1,1,1
92,0,3,0,20.0,0,0,7.8542,0.0,0,1,1,1,1,0
93,0,1,0,46.0,1,0,61.175,0.0,1,2,0,1,2,3
94,0,3,0,26.0,1,2,20.575,0.0,0,4,0,1,1,2
95,0,3,0,59.0,0,0,7.25,0.0,0,1,1,1,3,0
96,0,3,0,25.0,0,0,8.05,0.0,0,1,1,1,1,1
97,0,1,0,71.0,0,0,34.6542,1.0,1,1,1,1,4,3
98,1,1,0,23.0,0,1,63.3583,1.0,1,2,0,1,1,3
99,1,2,1,34.0,0,1,23.0,0.0,0,2,0,3,2,2
100,0,2,0,34.0,1,0,26.0,0.0,0,2,0,1,2,2
101,0,3,1,28.0,0,0,7.8958,0.0,0,1,1,2,1,0
102,0,3,0,25.0,0,0,7.8958,0.0,0,1,1,1,1,0
103,0,1,0,21.0,0,1,77.2875,0.0,1,2,0,1,1,3
104,0,3,0,33.0,0,0,8.6542,0.0,0,1,1,1,2,1
105,0,3,0,37.0,2,0,7.925,0.0,0,3,0,1,2,1
106,0,3,0,28.0,0,0,7.8958,0.0,0,1,1,1,1,0
107,1,3,1,21.0,0,0,7.65,0.0,0,1,1,2,1,0
108,1,3,0,25.0,0,0,7.775,0.0,0,1,1,1,1,0
109,0,3,0,38.0,0,0,7.8958,0.0,0,1,1,1,2,0
110,1,3,1,21.5,1,0,24.15,2.0,0,2,0,2,1,2
111,0,1,0,47.0,0,0,52.0,0.0,1,1,1,1,2,3
112,0,3,1,14.5,1,0,14.4542,1.0,0,2,0,2,0,1
113,0,3,0,22.0,0,0,8.05,0.0,0,1,1,1,1,1
114,0,3,1,20.0,1,0,9.825,0.0,0,2,0,2,1,1
115,0,3,1,17.0,0,0,14.4583,1.0,0,1,1,2,1,2
116,0,3,0,21.0,0,0,7.925,0.0,0,1,1,1,1,1
117,0,3,0,70.5,0,0,7.75,2.0,0,1,1,1,4,0
118,0,2,0,29.0,1,0,21.0,0.0,0,2,0,1,1,2
119,0,1,0,24.0,0,1,247.5208,1.0,1,2,0,1,1,3
120,0,3,1,2.0,4,2,31.275,0.0,0,7,0,2,0,3
121,0,2,0,21.0,2,0,73.5,0.0,0,3,0,1,1,3
122,0,3,0,25.0,0,0,8.05,0.0,0,1,1,1,1,1
123,0,2,0,32.5,1,0,30.0708,1.0,0,2,0,1,2,2
124,1,2,1,32.5,0,0,13.0,0.0,1,1,1,2,2,1
125,0,1,0,54.0,0,1,77.2875,0.0,1,2,0,1,3,3
126,1,3,0,12.0,1,0,11.2417,1.0,0,2,0,4,0,1
127,0,3,0,25.0,0,0,7.75,2.0,0,1,1,1,1,0
128,1,3,0,24.0,0,0,7.1417,0.0,0,1,1,1,1,0
129,1,3,1,21.5,1,1,22.3583,1.0,1,3,0,2,1,2
130,0,3,0,45.0,0,0,6.975,0.0,0,1,1,1,2,0
131,0,3,0,33.0,0,0,7.8958,1.0,0,1,1,1,2,0
132,0,3,0,20.0,0,0,7.05,0.0,0,1,1,1,1,0
133,0,3,1,47.0,1,0,14.5,0.0,0,2,0,3,2,2
134,1,2,1,29.0,1,0,26.0,0.0,0,2,0,3,1,2
135,0,2,0,25.0,0,0,13.0,0.0,0,1,1,1,1,1
136,0,2,0,23.0,0,0,15.0458,1.0,0,1,1,1,1,2
137,1,1,1,19.0,0,2,26.2833,0.0,1,3,0,2,1,2
138,0,1,0,37.0,1,0,53.1,0.0,1,2,0,1,2,3
139,0,3,0,16.0,0,0,9.2167,0.0,0,1,1,1,0,1
140,0,1,0,24.0,0,0,79.2,1.0,1,1,1,1,1,3
141,0,3,1,21.5,0,2,15.2458,1.0,0,3,0,3,1,2
142,1,3,1,22.0,0,0,7.75,0.0,0,1,1,2,1,0
143,1,3,1,24.0,1,0,15.85,0.0,0,2,0,3,1,2
144,0,3,0,19.0,0,0,6.75,2.0,0,1,1,1,1,0
145,0,2,0,18.0,0,0,11.5,0.0,0,1,1,1,1,1
146,0,2,0,19.0,1,1,36.75,0.0,0,3,0,1,1,3
147,1,3,0,27.0,0,0,7.7958,0.0,0,1,1,1,1,0
148,0,3,1,9.0,2,2,34.375,0.0,0,5,0,2,0,3
149,0,2,0,36.5,0,2,26.0,0.0,1,3,0,1,2,2
150,0,2,0,42.0,0,0,13.0,0.0,0,1,1,5,2,1
151,0,2,0,51.0,0,0,12.525,0.0,0,1,1,5,3,1
152,1,1,1,22.0,1,0,66.6,0.0,1,2,0,3,1,3
153,0,3,0,55.5,0,0,8.05,0.0,0,1,1,1,3,1
154,0,3,0,40.5,0,2,14.5,0.0,0,3,0,1,2,2
155,0,3,0,25.0,0,0,7.3125,0.0,0,1,1,1,1,0
156,0,1,0,51.0,0,1,61.3792,1.0,0,2,0,1,3,3
157,1,3,1,16.0,0,0,7.7333,2.0,0,1,1,2,0,0
158,0,3,0,30.0,0,0,8.05,0.0,0,1,1,1,1,1
159,0,3,0,25.0,0,0,8.6625,0.0,0,1,1,1,1,1
160,0,3,0,25.0,8,2,69.55,0.0,0,11,0,4,1,3
161,0,3,0,44.0,0,1,16.1,0.0,0,2,0,1,2,2
162,1,2,1,40.0,0,0,15.75,0.0,0,1,1,3,2,2
163,0,3,0,26.0,0,0,7.775,0.0,0,1,1,1,1,0
164,0,3,0,17.0,0,0,8.6625,0.0,0,1,1,1,1,1
165,0,3,0,1.0,4,1,39.6875,0.0,0,6,0,4,0,3
166,1,3,0,9.0,0,2,20.525,0.0,0,3,0,4,0,2
167,1,1,1,35.0,0,1,55.0,0.0,1,2,0,3,2,3
168,0,3,1,45.0,1,4,27.9,0.0,0,6,0,3,2,2
169,0,1,0,40.0,0,0,25.925,0.0,0,1,1,1,2,2
170,0,3,0,28.0,0,0,56.4958,0.0,0,1,1,1,1,3
171,0,1,0,61.0,0,0,33.5,0.0,1,1,1,1,3,3
172,0,3,0,4.0,4,1,29.125,2.0,0,6,0,4,0,2
173,1,3,1,1.0,1,1,11.1333,0.0,0,3,0,2,0,1
174,0,3,0,21.0,0,0,7.925,0.0,0,1,1,1,1,1
175,0,1,0,56.0,0,0,30.6958,1.0,1,1,1,1,3,2
176,0,3,0,18.0,1,1,7.8542,0.0,0,3,0,1,1,0
177,0,3,0,25.0,3,1,25.4667,0.0,0,5,0,4,1,2
178,0,1,1,50.0,0,0,28.7125,1.0,1,1,1,2,3,2
179,0,2,0,30.0,0,0,13.0,0.0,0,1,1,1,1,1
180,0,3,0,36.0,0,0,0.0,0.0,0,1,1,1,2,0
181,0,3,1,21.5,8,2,69.55,0.0,0,11,0,2,1,3
182,0,2,0,30.0,0,0,15.05,1.0,0,1,1,1,1,2
183,0,3,0,9.0,4,2,31.3875,0.0,0,7,0,4,0,3
184,1,2,0,1.0,2,1,39.0,0.0,1,4,0,4,0,3
185,1,3,1,4.0,0,2,22.025,0.0,0,3,0,2,0,2
186,0,1,0,40.0,0,0,50.0,0.0,1,1,1,1,2,3
187,1,3,1,21.5,1,0,15.5,2.0,0,2,0,3,1,2
188,1,1,0,45.0,0,0,26.55,0.0,0,1,1,1,2,2
189,0,3,0,40.0,1,1,15.5,2.0,0,3,0,1,2,2
190,0,3,0,36.0,0,0,7.8958,0.0,0,1,1,1,2,0
191,1,2,1,32.0,0,0,13.0,0.0,0,1,1,3,1,1
192,0,2,0,19.0,0,0,13.0,0.0,0,1,1,1,1,1
193,1,3,1,19.0,1,0,7.8542,0.0,0,2,0,2,1,0
194,1,2,0,3.0,1,1,26.0,0.0,1,3,0,4,0,2
195,1,1,1,44.0,0,0,27.7208,1.0,1,1,1,3,2,2
196,1,1,1,58.0,0,0,146.5208,1.0,1,1,1,2,3,3
197,0,3,0,25.0,0,0,7.75,2.0,0,1,1,1,1,0
198,0,3,0,42.0,0,1,8.4042,0.0,0,2,0,1,2,1
199,1,3,1,21.5,0,0,7.75,2.0,0,1,1,2,1,0
200,0,2,1,24.0,0,0,13.0,0.0,0,1,1,2,1,1
201,0,3,0,28.0,0,0,9.5,0.0,0,1,1,1,1,1
202,0,3,0,25.0,8,2,69.55,0.0,0,11,0,1,1,3
203,0,3,0,34.0,0,0,6.4958,0.0,0,1,1,1,2,0
204,0,3,0,45.5,0,0,7.225,1.0,0,1,1,1,2,0
205,1,3,0,18.0,0,0,8.05,0.0,0,1,1,1,1,1
206,0,3,1,2.0,0,1,10.4625,0.0,1,2,0,2,0,1
207,0,3,0,32.0,1,0,15.85,0.0,0,2,0,1,1,2
208,1,3,0,26.0,0,0,18.7875,1.0,0,1,1,1,1,2
209,1,3,1,16.0,0,0,7.75,2.0,0,1,1,2,0,0
210,1,1,0,40.0,0,0,31.0,1.0,1,1,1,1,2,2
211,0,3,0,24.0,0,0,7.05,0.0,0,1,1,1,1,0
212,1,2,1,35.0,0,0,21.0,0.0,0,1,1,2,2,2
213,0,3,0,22.0,0,0,7.25,0.0,0,1,1,1,1,0
214,0,2,0,30.0,0,0,13.0,0.0,0,1,1,1,1,1
215,0,3,0,25.0,1,0,7.75,2.0,0,2,0,1,1,0
216,1,1,1,31.0,1,0,113.275,1.0,1,2,0,2,1,3
217,1,3,1,27.0,0,0,7.925,0.0,0,1,1,2,1,1
218,0,2,0,42.0,1,0,27.0,0.0,0,2,0,1,2,2
219,1,1,1,32.0,0,0,76.2917,1.0,1,1,1,2,1,3
220,0,2,0,30.0,0,0,10.5,0.0,0,1,1,1,1,1
221,1,3,0,16.0,0,0,8.05,0.0,0,1,1,1,0,1
222,0,2,0,27.0,0,0,13.0,0.0,0,1,1,1,1,1
223,0,3,0,51.0,0,0,8.05,0.0,0,1,1,1,3,1
224,0,3,0,25.0,0,0,7.8958,0.0,0,1,1,1,1,0
225,1,1,0,38.0,1,0,90.0,0.0,1,2,0,1,2,3
226,0,3,0,22.0,0,0,9.35,0.0,0,1,1,1,1,1
227,1,2,0,19.0,0,0,10.5,0.0,0,1,1,1,1,1
228,0,3,0,20.5,0,0,7.25,0.0,0,1,1,1,1,0
229,0,2,0,18.0,0,0,13.0,0.0,0,1,1,1,1,1
230,0,3,1,21.5,3,1,25.4667,0.0,0,5,0,2,1,2
231,1,1,1,35.0,1,0,83.475,0.0,1,2,0,3,2,3
232,0,3,0,29.0,0,0,7.775,0.0,0,1,1,1,1,0
233,0,2,0,59.0,0,0,13.5,0.0,0,1,1,1,3,1
234,1,3,1,5.0,4,2,31.3875,0.0,0,7,0,2,0,3
235,0,2,0,24.0,0,0,10.5,0.0,0,1,1,1,1,1
236,0,3,1,21.5,0,0,7.55,0.0,0,1,1,2,1,0
237,0,2,0,44.0,1,0,26.0,0.0,0,2,0,1,2,2
238,1,2,1,8.0,0,2,26.25,0.0,0,3,0,2,0,2
239,0,2,0,19.0,0,0,10.5,0.0,0,1,1,1,1,1
240,0,2,0,33.0,0,0,12.275,0.0,0,1,1,1,2,1
241,0,3,1,21.5,1,0,14.4542,1.0,0,2,0,2,1,1
242,1,3,1,21.5,1,0,15.5,2.0,0,2,0,2,1,2
243,0,2,0,29.0,0,0,10.5,0.0,0,1,1,1,1,1
244,0,3,0,22.0,0,0,7.125,0.0,0,1,1,1,1,0
245,0,3,0,30.0,0,0,7.225,1.0,0,1,1,1,1,0
246,0,1,0,44.0,2,0,90.0,2.0,1,3,0,5,2,3
247,0,3,1,25.0,0,0,7.775,0.0,0,1,1,2,1,0
248,1,2,1,24.0,0,2,14.5,0.0,0,3,0,3,1,2
249,1,1,0,37.0,1,1,52.5542,0.0,1,3,0,1,2,3
250,0,2,0,54.0,1,0,26.0,0.0,0,2,0,5,3,2
251,0,3,0,25.0,0,0,7.25,0.0,0,1,1,1,1,0
252,0,3,1,29.0,1,1,10.4625,0.0,1,3,0,3,1,1
253,0,1,0,62.0,0,0,26.55,0.0,1,1,1,1,3,2
254,0,3,0,30.0,1,0,16.1,0.0,0,2,0,1,1,2
255,0,3,1,41.0,0,2,20.2125,0.0,0,3,0,3,2,2
256,1,3,1,29.0,0,2,15.2458,1.0,0,3,0,3,1,2
257,1,1,1,35.0,0,0,79.2,1.0,0,1,1,3,2,3
258,1,1,1,30.0,0,0,86.5,0.0,1,1,1,2,1,3
259,1,1,1,35.0,0,0,512.3292,1.0,0,1,1,2,2,3
260,1,2,1,50.0,0,1,26.0,0.0,0,2,0,3,3,2
261,0,3,0,25.0,0,0,7.75,2.0,0,1,1,1,1,0
262,1,3,0,3.0,4,2,31.3875,0.0,0,7,0,4,0,3
263,0,1,0,52.0,1,1,79.65,0.0,1,3,0,1,3,3
264,0,1,0,40.0,0,0,0.0,0.0,1,1,1,1,2,0
265,0,3,1,21.5,0,0,7.75,2.0,0,1,1,2,1,0
266,0,2,0,36.0,0,0,10.5,0.0,0,1,1,1,2,1
267,0,3,0,16.0,4,1,39.6875,0.0,0,6,0,1,0,3
268,1,3,0,25.0,1,0,7.775,0.0,0,2,0,1,1,0
269,1,1,1,58.0,0,1,153.4625,0.0,1,2,0,3,3,3
270,1,1,1,35.0,0,0,135.6333,0.0,1,1,1,2,2,3
271,0,1,0,40.0,0,0,31.0,0.0,0,1,1,1,2,2
272,1,3,0,25.0,0,0,0.0,0.0,0,1,1,1,1,0
273,1,2,1,41.0,0,1,19.5,0.0,0,2,0,3,2,2
274,0,1,0,37.0,0,1,29.7,1.0,1,2,0,1,2,2
275,1,3,1,21.5,0,0,7.75,2.0,0,1,1,2,1,0
276,1,1,1,63.0,1,0,77.9583,0.0,1,2,0,2,3,3
277,0,3,1,45.0,0,0,7.75,0.0,0,1,1,2,2,0
278,0,2,0,30.0,0,0,0.0,0.0,0,1,1,1,1,0
279,0,3,0,7.0,4,1,29.125,2.0,0,6,0,4,0,2
280,1,3,1,35.0,1,1,20.25,0.0,0,3,0,3,2,2
281,0,3,0,65.0,0,0,7.75,2.0,0,1,1,1,4,0
282,0,3,0,28.0,0,0,7.8542,0.0,0,1,1,1,1,0
283,0,3,0,16.0,0,0,9.5,0.0,0,1,1,1,0,1
284,1,3,0,19.0,0,0,8.05,0.0,0,1,1,1,1,1
285,0,1,0,40.0,0,0,26.0,0.0,1,1,1,1,2,2
286,0,3,0,33.0,0,0,8.6625,1.0,0,1,1,1,2,1
287,1,3,0,30.0,0,0,9.5,0.0,0,1,1,1,1,1
288,0,3,0,22.0,0,0,7.8958,0.0,0,1,1,1,1,0
289,1,2,0,42.0,0,0,13.0,0.0,0,1,1,1,2,1
290,1,3,1,22.0,0,0,7.75,2.0,0,1,1,2,1,0
291,1,1,1,26.0,0,0,78.85,0.0,0,1,1,2,1,3
292,1,1,1,19.0,1,0,91.0792,1.0,1,2,0,3,1,3
293,0,2,0,36.0,0,0,12.875,1.0,1,1,1,1,2,1
294,0,3,1,24.0,0,0,8.85,0.0,0,1,1,2,1,1
295,0,3,0,24.0,0,0,7.8958,0.0,0,1,1,1,1,0
296,0,1,0,40.0,0,0,27.7208,1.0,0,1,1,1,2,2
297,0,3,0,23.5,0,0,7.2292,1.0,0,1,1,1,1,0
298,0,1,1,2.0,1,2,151.55,0.0,1,4,0,2,0,3
299,1,1,0,40.0,0,0,30.5,0.0,1,1,1,1,2,2
300,1,1,1,50.0,0,1,247.5208,1.0,1,2,0,3,3,3
301,1,3,1,21.5,0,0,7.75,2.0,0,1,1,2,1,0
302,1,3,0,25.0,2,0,23.25,2.0,0,3,0,1,1,2
303,0,3,0,19.0,0,0,0.0,0.0,0,1,1,1,1,0
304,1,2,1,28.0,0,0,12.35,2.0,1,1,1,2,1,1
305,0,3,0,25.0,0,0,8.05,0.0,0,1,1,1,1,1
306,1,1,0,0.92,1,2,151.55,0.0,1,4,0,4,0,3
307,1,1,1,35.0,0,0,110.8833,1.0,0,1,1,2,2,3
308,1,1,1,17.0,1,0,108.9,1.0,1,2,0,3,1,3
309,0,2,0,30.0,1,0,24.0,1.0,0,2,0,1,1,2
310,1,1,1,30.0,0,0,56.9292,1.0,1,1,1,2,1,3
311,1,1,1,24.0,0,0,83.1583,1.0,1,1,1,2,1,3
312,1,1,1,18.0,2,2,262.375,1.0,1,5,0,2,1,3
313,0,2,1,26.0,1,1,26.0,0.0,0,3,0,3,1,2
314,0,3,0,28.0,0,0,7.8958,0.0,0,1,1,1,1,0
315,0,2,0,43.0,1,1,26.25,0.0,0,3,0,1,2,2
316,1,3,1,26.0,0,0,7.8542,0.0,0,1,1,2,1,0
317,1,2,1,24.0,1,0,26.0,0.0,0,2,0,3,1,2
318,0,2,0,54.0,0,0,14.0,0.0,0,1,1,5,3,1
319,1,1,1,31.0,0,2,164.8667,0.0,1,3,0,2,1,3
320,1,1,1,40.0,1,1,134.5,1.0,1,3,0,3,2,3
321,0,3,0,22.0,0,0,7.25,0.0,0,1,1,1,1,0
322,0,3,0,27.0,0,0,7.8958,0.0,0,1,1,1,1,0
323,1,2,1,30.0,0,0,12.35,2.0,0,1,1,2,1,1
324,1,2,1,22.0,1,1,29.0,0.0,0,3,0,3,1,2
325,0,3,0,25.0,8,2,69.55,0.0,0,11,0,1,1,3
326,1,1,1,36.0,0,0,135.6333,1.0,1,1,1,2,2,3
327,0,3,0,61.0,0,0,6.2375,0.0,0,1,1,1,3,0
328,1,2,1,36.0,0,0,13.0,0.0,1,1,1,3,2,1
329,1,3,1,31.0,1,1,20.525,0.0,0,3,0,3,1,2
330,1,1,1,16.0,0,1,57.9792,1.0,1,2,0,2,0,3
331,1,3,1,21.5,2,0,23.25,2.0,0,3,0,2,1,2
332,0,1,0,45.5,0,0,28.5,0.0,1,1,1,1,2,2
333,0,1,0,38.0,0,1,153.4625,0.0,1,2,0,1,2,3
334,0,3,0,16.0,2,0,18.0,0.0,0,3,0,1,0,2
335,1,1,1,35.0,1,0,133.65,0.0,0,2,0,3,2,3
336,0,3,0,25.0,0,0,7.8958,0.0,0,1,1,1,1,0
337,0,1,0,29.0,1,0,66.6,0.0,1,2,0,1,1,3
338,1,1,1,41.0,0,0,134.5,1.0,1,1,1,2,2,3
339,1,3,0,45.0,0,0,8.05,0.0,0,1,1,1,2,1
340,0,1,0,45.0,0,0,35.5,0.0,1,1,1,1,2,3
341,1,2,0,2.0,1,1,26.0,0.0,1,3,0,4,0,2
342,1,1,1,24.0,3,2,263.0,0.0,1,6,0,2,1,3
343,0,2,0,28.0,0,0,13.0,0.0,0,1,1,1,1,1
344,0,2,0,25.0,0,0,13.0,0.0,0,1,1,1,1,1
345,0,2,0,36.0,0,0,13.0,0.0,0,1,1,1,2,1
346,1,2,1,24.0,0,0,13.0,0.0,1,1,1,2,1,1
347,1,2,1,40.0,0,0,13.0,0.0,0,1,1,2,2,1
348,1,3,1,21.5,1,0,16.1,0.0,0,2,0,3,1,2
349,1,3,0,3.0,1,1,15.9,0.0,0,3,0,4,0,2
350,0,3,0,42.0,0,0,8.6625,0.0,0,1,1,1,2,1
351,0,3,0,23.0,0,0,9.225,0.0,0,1,1,1,1,1
352,0,1,0,40.0,0,0,35.0,0.0,1,1,1,1,2,3
353,0,3,0,15.0,1,1,7.2292,1.0,0,3,0,1,0,0
354,0,3,0,25.0,1,0,17.8,0.0,0,2,0,1,1,2
355,0,3,0,25.0,0,0,7.225,1.0,0,1,1,1,1,0
356,0,3,0,28.0,0,0,9.5,0.0,0,1,1,1,1,1
357,1,1,1,22.0,0,1,55.0,0.0,1,2,0,2,1,3
358,0,2,1,38.0,0,0,13.0,0.0,0,1,1,2,2,1
359,1,3,1,21.5,0,0,7.8792,2.0,0,1,1,2,1,0
360,1,3,1,21.5,0,0,7.8792,2.0,0,1,1,2,1,0
361,0,3,0,40.0,1,4,27.9,0.0,0,6,0,1,2,2
362,0,2,0,29.0,1,0,27.7208,1.0,0,2,0,1,1,2
363,0,3,1,45.0,0,1,14.4542,1.0,0,2,0,3,2,1
364,0,3,0,35.0,0,0,7.05,0.0,0,1,1,1,2,0
365,0,3,0,25.0,1,0,15.5,2.0,0,2,0,1,1,2
366,0,3,0,30.0,0,0,7.25,0.0,0,1,1,1,1,0
367,1,1,1,60.0,1,0,75.25,1.0,1,2,0,3,3,3
368,1,3,1,21.5,0,0,7.2292,1.0,0,1,1,3,1,0
369,1,3,1,21.5,0,0,7.75,2.0,0,1,1,2,1,0
370,1,1,1,24.0,0,0,69.3,1.0,1,1,1,3,1,3
371,1,1,0,25.0,1,0,55.4417,1.0,1,2,0,1,1,3
372,0,3,0,18.0,1,0,6.4958,0.0,0,2,0,1,1,0
373,0,3,0,19.0,0,0,8.05,0.0,0,1,1,1,1,1
374,0,1,0,22.0,0,0,135.6333,1.0,0,1,1,1,1,3
375,0,3,1,3.0,3,1,21.075,0.0,0,5,0,2,0,2
376,1,1,1,35.0,1,0,82.1708,1.0,0,2,0,3,2,3
377,1,3,1,22.0,0,0,7.25,0.0,0,1,1,2,1,0
378,0,1,0,27.0,0,2,211.5,1.0,1,3,0,1,1,3
379,0,3,0,20.0,0,0,4.0125,1.0,0,1,1,1,1,0
380,0,3,0,19.0,0,0,7.775,0.0,0,1,1,1,1,0
381,1,1,1,42.0,0,0,227.525,1.0,0,1,1,2,2,3
382,1,3,1,1.0,0,2,15.7417,1.0,0,3,0,2,0,2
383,0,3,0,32.0,0,0,7.925,0.0,0,1,1,1,1,1
384,1,1,1,35.0,1,0,52.0,0.0,0,2,0,3,2,3
385,0,3,0,25.0,0,0,7.8958,0.0,0,1,1,1,1,0
386,0,2,0,18.0,0,0,73.5,0.0,0,1,1,1,1,3
387,0,3,0,1.0,5,2,46.9,0.0,0,8,0,4,0,3
388,1,2,1,36.0,0,0,13.0,0.0,0,1,1,2,2,1
389,0,3,0,25.0,0,0,7.7292,2.0,0,1,1,1,1,0
390,1,2,1,17.0,0,0,12.0,1.0,0,1,1,2,1,1
391,1,1,0,36.0,1,2,120.0,0.0,1,4,0,1,2,3
392,1,3,0,21.0,0,0,7.7958,0.0,0,1,1,1,1,0
393,0,3,0,28.0,2,0,7.925,0.0,0,3,0,1,1,1
394,1,1,1,23.0,1,0,113.275,1.0,1,2,0,2,1,3
395,1,3,1,24.0,0,2,16.7,0.0,1,3,0,3,1,2
396,0,3,0,22.0,0,0,7.7958,0.0,0,1,1,1,1,0
397,0,3,1,31.0,0,0,7.8542,0.0,0,1,1,2,1,0
398,0,2,0,46.0,0,0,26.0,0.0,0,1,1,1,2,2
399,0,2,0,23.0,0,0,10.5,0.0,0,1,1,5,1,1
400,1,2,1,28.0,0,0,12.65,0.0,0,1,1,3,1,1
401,1,3,0,39.0,0,0,7.925,0.0,0,1,1,1,2,1
402,0,3,0,26.0,0,0,8.05,0.0,0,1,1,1,1,1
403,0,3,1,21.0,1,0,9.825,0.0,0,2,0,2,1,1
404,0,3,0,28.0,1,0,15.85,0.0,0,2,0,1,1,2
405,0,3,1,20.0,0,0,8.6625,0.0,0,1,1,2,1,1
406,0,2,0,34.0,1,0,21.0,0.0,0,2,0,1,2,2
407,0,3,0,51.0,0,0,7.75,0.0,0,1,1,1,3,0
408,1,2,0,3.0,1,1,18.75,0.0,0,3,0,4,0,2
409,0,3,0,21.0,0,0,7.775,0.0,0,1,1,1,1,0
410,0,3,1,21.5,3,1,25.4667,0.0,0,5,0,2,1,2
411,0,3,0,25.0,0,0,7.8958,0.0,0,1,1,1,1,0
412,0,3,0,25.0,0,0,6.8583,2.0,0,1,1,1,1,0
413,1,1,1,33.0,1,0,90.0,2.0,1,2,0,2,2,3
414,0,2,0,30.0,0,0,0.0,0.0,0,1,1,1,1,0
415,1,3,0,44.0,0,0,7.925,0.0,0,1,1,1,2,1
416,0,3,1,21.5,0,0,8.05,0.0,0,1,1,3,1,1
417,1,2,1,34.0,1,1,32.5,0.0,0,3,0,3,2,3
418,1,2,1,18.0,0,2,13.0,0.0,0,3,0,2,1,1
419,0,2,0,30.0,0,0,13.0,0.0,0,1,1,1,1,1
420,0,3,1,10.0,0,2,24.15,0.0,0,3,0,2,0,2
421,0,3,0,25.0,0,0,7.8958,1.0,0,1,1,1,1,0
422,0,3,0,21.0,0,0,7.7333,2.0,0,1,1,1,1,0
423,0,3,0,29.0,0,0,7.875,0.0,0,1,1,1,1,0
424,0,3,1,28.0,1,1,14.4,0.0,0,3,0,3,1,1
425,0,3,0,18.0,1,1,20.2125,0.0,0,3,0,1,1,2
426,0,3,0,25.0,0,0,7.25,0.0,0,1,1,1,1,0
427,1,2,1,28.0,1,0,26.0,0.0,0,2,0,3,1,2
428,1,2,1,19.0,0,0,26.0,0.0,0,1,1,2,1,2
429,0,3,0,25.0,0,0,7.75,2.0,0,1,1,1,1,0
430,1,3,0,32.0,0,0,8.05,0.0,1,1,1,1,1,1
431,1,1,0,28.0,0,0,26.55,0.0,1,1,1,1,1,2
432,1,3,1,21.5,1,0,16.1,0.0,0,2,0,3,1,2
433,1,2,1,42.0,1,0,26.0,0.0,0,2,0,3,2,2
434,0,3,0,17.0,0,0,7.125,0.0,0,1,1,1,1,0
435,0,1,0,50.0,1,0,55.9,0.0,1,2,0,1,3,3
436,1,1,1,14.0,1,2,120.0,0.0,1,4,0,2,0,3
437,0,3,1,21.0,2,2,34.375,0.0,0,5,0,2,1,3
438,1,2,1,24.0,2,3,18.75,0.0,0,6,0,3,1,2
439,0,1,0,64.0,1,4,263.0,0.0,1,6,0,1,3,3
440,0,2,0,31.0,0,0,10.5,0.0,0,1,1,1,1,1
441,1,2,1,45.0,1,1,26.25,0.0,0,3,0,3,2,2
442,0,3,0,20.0,0,0,9.5,0.0,0,1,1,1,1,1
443,0,3,0,25.0,1,0,7.775,0.0,0,2,0,1,1,0
444,1,2,1,28.0,0,0,13.0,0.0,0,1,1,2,1,1
445,1,3,0,25.0,0,0,8.1125,0.0,0,1,1,1,1,1
446,1,1,0,4.0,0,2,81.8583,0.0,1,3,0,4,0,3
447,1,2,1,13.0,0,1,19.5,0.0,0,2,0,2,0,2
448,1,1,0,34.0,0,0,26.55,0.0,0,1,1,1,2,2
449,1,3,1,5.0,2,1,19.2583,1.0,0,4,0,2,0,2
450,1,1,0,52.0,0,0,30.5,0.0,1,1,1,5,3,2
451,0,2,0,36.0,1,2,27.75,0.0,0,4,0,1,2,2
452,0,3,0,25.0,1,0,19.9667,0.0,0,2,0,1,1,2
453,0,1,0,30.0,0,0,27.75,1.0,1,1,1,1,1,2
454,1,1,0,49.0,1,0,89.1042,1.0,1,2,0,1,3,3
455,0,3,0,25.0,0,0,8.05,0.0,0,1,1,1,1,1
456,1,3,0,29.0,0,0,7.8958,1.0,0,1,1,1,1,0
457,0,1,0,65.0,0,0,26.55,0.0,1,1,1,1,4,2
458,1,1,1,35.0,1,0,51.8625,0.0,1,2,0,3,2,3
459,1,2,1,50.0,0,0,10.5,0.0,0,1,1,2,3,1
460,0,3,0,25.0,0,0,7.75,2.0,0,1,1,1,1,0
461,1,1,0,48.0,0,0,26.55,0.0,1,1,1,1,2,2
462,0,3,0,34.0,0,0,8.05,0.0,0,1,1,1,2,1
463,0,1,0,47.0,0,0,38.5,0.0,1,1,1,1,2,3
464,0,2,0,48.0,0,0,13.0,0.0,0,1,1,1,2,1
465,0,3,0,25.0,0,0,8.05,0.0,0,1,1,1,1,1
466,0,3,0,38.0,0,0,7.05,0.0,0,1,1,1,2,0
467,0,2,0,30.0,0,0,0.0,0.0,0,1,1,1,1,0
468,0,1,0,56.0,0,0,26.55,0.0,0,1,1,1,3,2
469,0,3,0,25.0,0,0,7.725,2.0,0,1,1,1,1,0
470,1,3,1,0.75,2,1,19.2583,1.0,0,4,0,2,0,2
471,0,3,0,25.0,0,0,7.25,0.0,0,1,1,1,1,0
472,0,3,0,38.0,0,0,8.6625,0.0,0,1,1,1,2,1
473,1,2,1,33.0,1,2,27.75,0.0,0,4,0,3,2,2
474,1,2,1,23.0,0,0,13.7917,1.0,1,1,1,3,1,1
475,0,3,1,22.0,0,0,9.8375,0.0,0,1,1,2,1,1
476,0,1,0,40.0,0,0,52.0,0.0,1,1,1,1,2,3
477,0,2,0,34.0,1,0,21.0,0.0,0,2,0,1,2,2
478,0,3,0,29.0,1,0,7.0458,0.0,0,2,0,1,1,0
479,0,3,0,22.0,0,0,7.5208,0.0,0,1,1,1,1,0
480,1,3,1,2.0,0,1,12.2875,0.0,0,2,0,2,0,1
481,0,3,0,9.0,5,2,46.9,0.0,0,8,0,4,0,3
482,0,2,0,30.0,0,0,0.0,0.0,0,1,1,1,1,0
483,0,3,0,50.0,0,0,8.05,0.0,0,1,1,1,3,1
484,1,3,1,63.0,0,0,9.5875,0.0,0,1,1,3,3,1
485,1,1,0,25.0,1,0,91.0792,1.0,1,2,0,1,1,3
486,0,3,1,21.5,3,1,25.4667,0.0,0,5,0,2,1,2
487,1,1,1,35.0,1,0,90.0,0.0,1,2,0,3,2,3
488,0,1,0,58.0,0,0,29.7,1.0,1,1,1,1,3,2
489,0,3,0,30.0,0,0,8.05,0.0,0,1,1,1,1,1
490,1,3,0,9.0,1,1,15.9,0.0,0,3,0,4,0,2
491,0,3,0,25.0,1,0,19.9667,0.0,0,2,0,1,1,2
492,0,3,0,21.0,0,0,7.25,0.0,0,1,1,1,1,0
493,0,1,0,55.0,0,0,30.5,0.0,1,1,1,1,3,2
494,0,1,0,71.0,0,0,49.5042,1.0,0,1,1,1,4,3
495,0,3,0,21.0,0,0,8.05,0.0,0,1,1,1,1,1
496,0,3,0,25.0,0,0,14.4583,1.0,0,1,1,1,1,2
497,1,1,1,54.0,1,0,78.2667,1.0,1,2,0,2,3,3
498,0,3,0,25.0,0,0,15.1,0.0,0,1,1,1,1,2
499,0,1,1,25.0,1,2,151.55,0.0,1,4,0,3,1,3
500,0,3,0,24.0,0,0,7.7958,0.0,0,1,1,1,1,0
501,0,3,0,17.0,0,0,8.6625,0.0,0,1,1,1,1,1
502,0,3,1,21.0,0,0,7.75,2.0,0,1,1,2,1,0
503,0,3,1,21.5,0,0,7.6292,2.0,0,1,1,2,1,0
504,0,3,1,37.0,0,0,9.5875,0.0,0,1,1,2,2,1
505,1,1,1,16.0,0,0,86.5,0.0,1,1,1,2,0,3
506,0,1,0,18.0,1,0,108.9,1.0,1,2,0,1,1,3
507,1,2,1,33.0,0,2,26.0,0.0,0,3,0,3,2,2
508,1,1,0,40.0,0,0,26.55,0.0,0,1,1,1,2,2
509,0,3,0,28.0,0,0,22.525,0.0,0,1,1,1,1,2
510,1,3,0,26.0,0,0,56.4958,0.0,0,1,1,1,1,3
511,1,3,0,29.0,0,0,7.75,2.0,0,1,1,1,1,0
512,0,3,0,25.0,0,0,8.05,0.0,0,1,1,1,1,1
513,1,1,0,36.0,0,0,26.2875,0.0,1,1,1,1,2,2
514,1,1,1,54.0,1,0,59.4,1.0,0,2,0,3,3,3
515,0,3,0,24.0,0,0,7.4958,0.0,0,1,1,1,1,0
516,0,1,0,47.0,0,0,34.0208,0.0,1,1,1,1,2,3
517,1,2,1,34.0,0,0,10.5,0.0,1,1,1,3,2,1
518,0,3,0,25.0,0,0,24.15,2.0,0,1,1,1,1,2
519,1,2,1,36.0,1,0,26.0,0.0,0,2,0,3,2,2
520,0,3,0,32.0,0,0,7.8958,0.0,0,1,1,1,1,0
521,1,1,1,30.0,0,0,93.5,0.0,1,1,1,2,1,3
522,0,3,0,22.0,0,0,7.8958,0.0,0,1,1,1,1,0
523,0,3,0,25.0,0,0,7.225,1.0,0,1,1,1,1,0
524,1,1,1,44.0,0,1,57.9792,1.0,1,2,0,3,2,3
525,0,3,0,25.0,0,0,7.2292,1.0,0,1,1,1,1,0
526,0,3,0,40.5,0,0,7.75,2.0,0,1,1,1,2,0
527,1,2,1,50.0,0,0,10.5,0.0,0,1,1,2,3,1
528,0,1,0,40.0,0,0,221.7792,0.0,1,1,1,1,2,3
529,0,3,0,39.0,0,0,7.925,0.0,0,1,1,1,2,1
530,0,2,0,23.0,2,1,11.5,0.0,0,4,0,1,1,1
531,1,2,1,2.0,1,1,26.0,0.0,0,3,0,2,0,2
532,0,3,0,25.0,0,0,7.2292,1.0,0,1,1,1,1,0
533,0,3,0,17.0,1,1,7.2292,1.0,0,3,0,1,1,0
534,1,3,1,21.5,0,2,22.3583,1.0,0,3,0,3,1,2
535,0,3,1,30.0,0,0,8.6625,0.0,0,1,1,2,1,1
536,1,2,1,7.0,0,2,26.25,0.0,0,3,0,2,0,2
537,0,1,0,45.0,0,0,26.55,0.0,1,1,1,5,2,2
538,1,1,1,30.0,0,0,106.425,1.0,0,1,1,2,1,3
539,0,3,0,25.0,0,0,14.5,0.0,0,1,1,1,1,2
540,1,1,1,22.0,0,2,49.5,1.0,1,3,0,2,1,3
541,1,1,1,36.0,0,2,71.0,0.0,1,3,0,2,2,3
542,0,3,1,9.0,4,2,31.275,0.0,0,7,0,2,0,3
543,0,3,1,11.0,4,2,31.275,0.0,0,7,0,2,0,3
544,1,2,0,32.0,1,0,26.0,0.0,0,2,0,1,1,2
545,0,1,0,50.0,1,0,106.425,1.0,1,2,0,1,3,3
546,0,1,0,64.0,0,0,26.0,0.0,0,1,1,1,3,2
547,1,2,1,19.0,1,0,26.0,0.0,0,2,0,3,1,2
548,1,2,0,30.0,0,0,13.8625,1.0,0,1,1,1,1,1
549,0,3,0,33.0,1,1,20.525,0.0,0,3,0,1,2,2
550,1,2,0,8.0,1,1,36.75,0.0,0,3,0,4,0,3
551,1,1,0,17.0,0,2,110.8833,1.0,1,3,0,1,1,3
552,0,2,0,27.0,0,0,26.0,0.0,0,1,1,1,1,2
553,0,3,0,25.0,0,0,7.8292,2.0,0,1,1,1,1,0
554,1,3,0,22.0,0,0,7.225,1.0,0,1,1,1,1,0
555,1,3,1,22.0,0,0,7.775,0.0,0,1,1,2,1,0
556,0,1,0,62.0,0,0,26.55,0.0,0,1,1,1,3,2
557,1,1,1,48.0,1,0,39.6,1.0,1,2,0,5,2,3
558,0,1,0,40.0,0,0,227.525,1.0,0,1,1,1,2,3
559,1,1,1,39.0,1,1,79.65,0.0,1,3,0,3,2,3
560,1,3,1,36.0,1,0,17.4,0.0,0,2,0,3,2,2
561,0,3,0,25.0,0,0,7.75,2.0,0,1,1,1,1,0
562,0,3,0,40.0,0,0,7.8958,0.0,0,1,1,1,2,0
563,0,2,0,28.0,0,0,13.5,0.0,0,1,1,1,1,1
564,0,3,0,25.0,0,0,8.05,0.0,0,1,1,1,1,1
565,0,3,1,21.5,0,0,8.05,0.0,0,1,1,2,1,1
566,0,3,0,24.0,2,0,24.15,0.0,0,3,0,1,1,2
567,0,3,0,19.0,0,0,7.8958,0.0,0,1,1,1,1,0
568,0,3,1,29.0,0,4,21.075,0.0,0,5,0,3,1,2
569,0,3,0,25.0,0,0,7.2292,1.0,0,1,1,1,1,0
570,1,3,0,32.0,0,0,7.8542,0.0,0,1,1,1,1,0
571,1,2,0,62.0,0,0,10.5,0.0,0,1,1,1,3,1
572,1,1,1,53.0,2,0,51.4792,0.0,1,3,0,3,3,3
573,1,1,0,36.0,0,0,26.3875,0.0,1,1,1,1,2,2
574,1,3,1,21.5,0,0,7.75,2.0,0,1,1,2,1,0
575,0,3,0,16.0,0,0,8.05,0.0,0,1,1,1,0,1
576,0,3,0,19.0,0,0,14.5,0.0,0,1,1,1,1,2
577,1,2,1,34.0,0,0,13.0,0.0,0,1,1,2,2,1
578,1,1,1,39.0,1,0,55.9,0.0,1,2,0,3,2,3
579,0,3,1,21.5,1,0,14.4583,1.0,0,2,0,3,1,2
580,1,3,0,32.0,0,0,7.925,0.0,0,1,1,1,1,1
581,1,2,1,25.0,1,1,30.0,0.0,0,3,0,2,1,2
582,1,1,1,39.0,1,1,110.8833,1.0,1,3,0,3,2,3
583,0,2,0,54.0,0,0,26.0,0.0,0,1,1,1,3,2
584,0,1,0,36.0,0,0,40.125,1.0,1,1,1,1,2,3
585,0,3,0,25.0,0,0,8.7125,1.0,0,1,1,1,1,1
586,1,1,1,18.0,0,2,79.65,0.0,1,3,0,2,1,3
587,0,2,0,47.0,0,0,15.0,0.0,0,1,1,1,2,2
588,1,1,0,60.0,1,1,79.2,1.0,1,3,0,1,3,3
589,0,3,0,22.0,0,0,8.05,0.0,0,1,1,1,1,1
590,0,3,0,25.0,0,0,8.05,0.0,0,1,1,1,1,1
591,0,3,0,35.0,0,0,7.125,0.0,0,1,1,1,2,0
592,1,1,1,52.0,1,0,78.2667,1.0,1,2,0,3,3,3
593,0,3,0,47.0,0,0,7.25,0.0,0,1,1,1,2,0
594,0,3,1,21.5,0,2,7.75,2.0,0,3,0,2,1,0
595,0,2,0,37.0,1,0,26.0,0.0,0,2,0,1,2,2
596,0,3,0,36.0,1,1,24.15,0.0,0,3,0,1,2,2
597,1,2,1,28.0,0,0,33.0,0.0,0,1,1,2,1,3
598,0,3,0,49.0,0,0,0.0,0.0,0,1,1,1,3,0
599,0,3,0,25.0,0,0,7.225,1.0,0,1,1,1,1,0
600,1,1,0,49.0,1,0,56.9292,1.0,1,2,0,5,3,3
601,1,2,1,24.0,2,1,27.0,0.0,0,4,0,3,1,2
602,0,3,0,25.0,0,0,7.8958,0.0,0,1,1,1,1,0
603,0,1,0,40.0,0,0,42.4,0.0,0,1,1,1,2,3
604,0,3,0,44.0,0,0,8.05,0.0,0,1,1,1,2,1
605,1,1,0,35.0,0,0,26.55,1.0,0,1,1,1,2,2
606,0,3,0,36.0,1,0,15.55,0.0,0,2,0,1,2,2
607,0,3,0,30.0,0,0,7.8958,0.0,0,1,1,1,1,0
608,1,1,0,27.0,0,0,30.5,0.0,0,1,1,1,1,2
609,1,2,1,22.0,1,2,41.5792,1.0,0,4,0,3,1,3
610,1,1,1,40.0,0,0,153.4625,0.0,1,1,1,2,2,3
611,0,3,1,39.0,1,5,31.275,0.0,0,7,0,3,2,3
612,0,3,0,25.0,0,0,7.05,0.0,0,1,1,1,1,0
613,1,3,1,21.5,1,0,15.5,2.0,0,2,0,2,1,2
614,0,3,0,25.0,0,0,7.75,2.0,0,1,1,1,1,0
615,0,3,0,35.0,0,0,8.05,0.0,0,1,1,1,2,1
616,1,2,1,24.0,1,2,65.0,0.0,0,4,0,2,1,3
617,0,3,0,34.0,1,1,14.4,0.0,0,3,0,1,2,1
618,0,3,1,26.0,1,0,16.1,0.0,0,2,0,3,1,2
619,1,2,1,4.0,2,1,39.0,0.0,1,4,0,2,0,3
620,0,2,0,26.0,0,0,10.5,0.0,0,1,1,1,1,1
621,0,3,0,27.0,1,0,14.4542,1.0,0,2,0,1,1,1
622,1,1,0,42.0,1,0,52.5542,0.0,1,2,0,1,2,3
623,1,3,0,20.0,1,1,15.7417,1.0,0,3,0,1,1,2
624,0,3,0,21.0,0,0,7.8542,0.0,0,1,1,1,1,0
625,0,3,0,21.0,0,0,16.1,0.0,0,1,1,1,1,2
626,0,1,0,61.0,0,0,32.3208,0.0,1,1,1,1,3,3
627,0,2,0,57.0,0,0,12.35,2.0,0,1,1,5,3,1
628,1,1,1,21.0,0,0,77.9583,0.0,1,1,1,2,1,3
629,0,3,0,26.0,0,0,7.8958,0.0,0,1,1,1,1,0
630,0,3,0,25.0,0,0,7.7333,2.0,0,1,1,1,1,0
631,1,1,0,80.0,0,0,30.0,0.0,1,1,1,1,4,2
632,0,3,0,51.0,0,0,7.0542,0.0,0,1,1,1,3,0
633,1,1,0,32.0,0,0,30.5,1.0,1,1,1,5,1,2
634,0,1,0,40.0,0,0,0.0,0.0,0,1,1,1,2,0
635,0,3,1,9.0,3,2,27.9,0.0,0,6,0,2,0,2
636,1,2,1,28.0,0,0,13.0,0.0,0,1,1,2,1,1
637,0,3,0,32.0,0,0,7.925,0.0,0,1,1,1,1,1
638,0,2,0,31.0,1,1,26.25,0.0,0,3,0,1,1,2
639,0,3,1,41.0,0,5,39.6875,0.0,0,6,0,3,2,3
640,0,3,0,25.0,1,0,16.1,0.0,0,2,0,1,1,2
641,0,3,0,20.0,0,0,7.8542,0.0,0,1,1,1,1,0
642,1,1,1,24.0,0,0,69.3,1.0,1,1,1,2,1,3
643,0,3,1,2.0,3,2,27.9,0.0,0,6,0,2,0,2
644,1,3,0,25.0,0,0,56.4958,0.0,0,1,1,1,1,3
645,1,3,1,0.75,2,1,19.2583,1.0,0,4,0,2,0,2
646,1,1,0,48.0,1,0,76.7292,1.0,1,2,0,1,2,3
647,0,3,0,19.0,0,0,7.8958,0.0,0,1,1,1,1,0
648,1,1,0,56.0,0,0,35.5,1.0,1,1,1,5,3,3
649,0,3,0,25.0,0,0,7.55,0.0,0,1,1,1,1,0
650,1,3,1,23.0,0,0,7.55,0.0,0,1,1,2,1,0
651,0,3,0,25.0,0,0,7.8958,0.0,0,1,1,1,1,0
652,1,2,1,18.0,0,1,23.0,0.0,0,2,0,2,1,2
653,0,3,0,21.0,0,0,8.4333,0.0,0,1,1,1,1,1
654,1,3,1,21.5,0,0,7.8292,2.0,0,1,1,2,1,0
655,0,3,1,18.0,0,0,6.75,2.0,0,1,1,2,1,0
656,0,2,0,24.0,2,0,73.5,0.0,0,3,0,1,1,3
657,0,3,0,25.0,0,0,7.8958,0.0,0,1,1,1,1,0
658,0,3,1,32.0,1,1,15.5,2.0,0,3,0,3,1,2
659,0,2,0,23.0,0,0,13.0,0.0,0,1,1,1,1,1
660,0,1,0,58.0,0,2,113.275,1.0,1,3,0,1,3,3
661,1,1,0,50.0,2,0,133.65,0.0,0,3,0,5,3,3
662,0,3,0,40.0,0,0,7.225,1.0,0,1,1,1,2,0
663,0,1,0,47.0,0,0,25.5875,0.0,1,1,1,1,2,2
664,0,3,0,36.0,0,0,7.4958,0.0,0,1,1,1,2,0
665,1,3,0,20.0,1,0,7.925,0.0,0,2,0,1,1,1
666,0,2,0,32.0,2,0,73.5,0.0,0,3,0,1,1,3
667,0,2,0,25.0,0,0,13.0,0.0,0,1,1,1,1,1
668,0,3,0,25.0,0,0,7.775,0.0,0,1,1,1,1,0
669,0,3,0,43.0,0,0,8.05,0.0,0,1,1,1,2,1
670,1,1,1,35.0,1,0,52.0,0.0,1,2,0,3,2,3
671,1,2,1,40.0,1,1,39.0,0.0,0,3,0,3,2,3
672,0,1,0,31.0,1,0,52.0,0.0,1,2,0,1,1,3
673,0,2,0,70.0,0,0,10.5,0.0,0,1,1,1,4,1
674,1,2,0,31.0,0,0,13.0,0.0,0,1,1,1,1,1
675,0,2,0,30.0,0,0,0.0,0.0,0,1,1,1,1,0
676,0,3,0,18.0,0,0,7.775,0.0,0,1,1,1,1,0
677,0,3,0,24.5,0,0,8.05,0.0,0,1,1,1,1,1
678,1,3,1,18.0,0,0,9.8417,0.0,0,1,1,2,1,1
679,0,3,1,43.0,1,6,46.9,0.0,0,8,0,3,2,3
680,1,1,0,36.0,0,1,512.3292,1.0,1,2,0,1,2,3
681,0,3,1,21.5,0,0,8.1375,2.0,0,1,1,2,1,1
682,1,1,0,27.0,0,0,76.7292,1.0,1,1,1,1,1,3
683,0,3,0,20.0,0,0,9.225,0.0,0,1,1,1,1,1
684,0,3,0,14.0,5,2,46.9,0.0,0,8,0,1,0,3
685,0,2,0,60.0,1,1,39.0,0.0,0,3,0,1,3,3
686,0,2,0,25.0,1,2,41.5792,1.0,0,4,0,1,1,3
687,0,3,0,14.0,4,1,39.6875,0.0,0,6,0,1,0,3
688,0,3,0,19.0,0,0,10.1708,0.0,0,1,1,1,1,1
689,0,3,0,18.0,0,0,7.7958,0.0,0,1,1,1,1,0
690,1,1,1,15.0,0,1,211.3375,0.0,1,2,0,2,0,3
691,1,1,0,31.0,1,0,57.0,0.0,1,2,0,1,1,3
692,1,3,1,4.0,0,1,13.4167,1.0,0,2,0,2,0,1
693,1,3,0,25.0,0,0,56.4958,0.0,0,1,1,1,1,3
694,0,3,0,25.0,0,0,7.225,1.0,0,1,1,1,1,0
695,0,1,0,60.0,0,0,26.55,0.0,0,1,1,5,3,2
696,0,2,0,52.0,0,0,13.5,0.0,0,1,1,1,3,1
697,0,3,0,44.0,0,0,8.05,0.0,0,1,1,1,2,1
698,1,3,1,21.5,0,0,7.7333,2.0,0,1,1,2,1,0
699,0,1,0,49.0,1,1,110.8833,1.0,1,3,0,1,3,3
700,0,3,0,42.0,0,0,7.65,0.0,1,1,1,1,2,0
701,1,1,1,18.0,1,0,227.525,1.0,1,2,0,3,1,3
702,1,1,0,35.0,0,0,26.2875,0.0,1,1,1,1,2,2
703,0,3,1,18.0,0,1,14.4542,1.0,0,2,0,2,1,1
704,0,3,0,25.0,0,0,7.7417,2.0,0,1,1,1,1,0
705,0,3,0,26.0,1,0,7.8542,0.0,0,2,0,1,1,0
706,0,2,0,39.0,0,0,26.0,0.0,0,1,1,1,2,2
707,1,2,1,45.0,0,0,13.5,0.0,0,1,1,3,2,1
708,1,1,0,42.0,0,0,26.2875,0.0,1,1,1,1,2,2
709,1,1,1,22.0,0,0,151.55,0.0,0,1,1,2,1,3
710,1,3,0,25.0,1,1,15.2458,1.0,0,3,0,4,1,2
711,1,1,1,24.0,0,0,49.5042,1.0,1,1,1,2,1,3
712,0,1,0,40.0,0,0,26.55,0.0,1,1,1,1,2,2
713,1,1,0,48.0,1,0,52.0,0.0,1,2,0,1,2,3
714,0,3,0,29.0,0,0,9.4833,0.0,0,1,1,1,1,1
715,0,2,0,52.0,0,0,13.0,0.0,0,1,1,1,3,1
716,0,3,0,19.0,0,0,7.65,0.0,1,1,1,1,1,0
717,1,1,1,38.0,0,0,227.525,1.0,1,1,1,2,2,3
718,1,2,1,27.0,0,0,10.5,0.0,1,1,1,2,1,1
719,0,3,0,25.0,0,0,15.5,2.0,0,1,1,1,1,2
720,0,3,0,33.0,0,0,7.775,0.0,0,1,1,1,2,0
721,1,2,1,6.0,0,1,33.0,0.0,0,2,0,2,0,3
722,0,3,0,17.0,1,0,7.0542,0.0,0,2,0,1,1,0
723,0,2,0,34.0,0,0,13.0,0.0,0,1,1,1,2,1
724,0,2,0,50.0,0,0,13.0,0.0,0,1,1,1,3,1
725,1,1,0,27.0,1,0,53.1,0.0,1,2,0,1,1,3
726,0,3,0,20.0,0,0,8.6625,0.0,0,1,1,1,1,1
727,1,2,1,30.0,3,0,21.0,0.0,0,4,0,3,1,2
728,1,3,1,21.5,0,0,7.7375,2.0,0,1,1,2,1,0
729,0,2,0,25.0,1,0,26.0,0.0,0,2,0,1,1,2
730,0,3,1,25.0,1,0,7.925,0.0,0,2,0,2,1,1
731,1,1,1,29.0,0,0,211.3375,0.0,1,1,1,2,1,3
732,0,3,0,11.0,0,0,18.7875,1.0,0,1,1,1,0,2
733,0,2,0,30.0,0,0,0.0,0.0,0,1,1,1,1,0
734,0,2,0,23.0,0,0,13.0,0.0,0,1,1,1,1,1
735,0,2,0,23.0,0,0,13.0,0.0,0,1,1,1,1,1
736,0,3,0,28.5,0,0,16.1,0.0,0,1,1,1,1,2
737,0,3,1,48.0,1,3,34.375,0.0,0,5,0,3,2,3
738,1,1,0,35.0,0,0,512.3292,1.0,1,1,1,1,2,3
739,0,3,0,25.0,0,0,7.8958,0.0,0,1,1,1,1,0
740,0,3,0,25.0,0,0,7.8958,0.0,0,1,1,1,1,0
741,1,1,0,40.0,0,0,30.0,0.0,1,1,1,1,2,2
742,0,1,0,36.0,1,0,78.85,0.0,1,2,0,1,2,3
743,1,1,1,21.0,2,2,262.375,1.0,1,5,0,2,1,3
744,0,3,0,24.0,1,0,16.1,0.0,0,2,0,1,1,2
745,1,3,0,31.0,0,0,7.925,0.0,0,1,1,1,1,1
746,0,1,0,70.0,1,1,71.0,0.0,1,3,0,5,4,3
747,0,3,0,16.0,1,1,20.25,0.0,0,3,0,1,0,2
748,1,2,1,30.0,0,0,13.0,0.0,0,1,1,2,1,1
749,0,1,0,19.0,1,0,53.1,0.0,1,2,0,1,1,3
750,0,3,0,31.0,0,0,7.75,2.0,0,1,1,1,1,0
751,1,2,1,4.0,1,1,23.0,0.0,0,3,0,2,0,2
752,1,3,0,6.0,0,1,12.475,0.0,1,2,0,4,0,1
753,0,3,0,33.0,0,0,9.5,0.0,0,1,1,1,2,1
754,0,3,0,23.0,0,0,7.8958,0.0,0,1,1,1,1,0
755,1,2,1,48.0,1,2,65.0,0.0,0,4,0,3,2,3
756,1,2,0,0.67,1,1,14.5,0.0,0,3,0,4,0,2
757,0,3,0,28.0,0,0,7.7958,0.0,0,1,1,1,1,0
758,0,2,0,18.0,0,0,11.5,0.0,0,1,1,1,1,1
759,0,3,0,34.0,0,0,8.05,0.0,0,1,1,1,2,1
760,1,1,1,33.0,0,0,86.5,0.0,1,1,1,5,2,3
761,0,3,0,25.0,0,0,14.5,0.0,0,1,1,1,1,2
762,0,3,0,41.0,0,0,7.125,0.0,0,1,1,1,2,0
763,1,3,0,20.0,0,0,7.2292,1.0,0,1,1,1,1,0
764,1,1,1,36.0,1,2,120.0,0.0,1,4,0,3,2,3
765,0,3,0,16.0,0,0,7.775,0.0,0,1,1,1,0,0
766,1,1,1,51.0,1,0,77.9583,0.0,1,2,0,3,3,3
767,0,1,0,40.0,0,0,39.6,1.0,0,1,1,5,2,3
768,0,3,1,30.5,0,0,7.75,2.0,0,1,1,2,1,0
769,0,3,0,25.0,1,0,24.15,2.0,0,2,0,1,1,2
770,0,3,0,32.0,0,0,8.3625,0.0,0,1,1,1,1,1
771,0,3,0,24.0,0,0,9.5,0.0,0,1,1,1,1,1
772,0,3,0,48.0,0,0,7.8542,0.0,0,1,1,1,2,0
773,0,2,1,57.0,0,0,10.5,0.0,1,1,1,3,3,1
774,0,3,0,25.0,0,0,7.225,1.0,0,1,1,1,1,0
775,1,2,1,54.0,1,3,23.0,0.0,0,5,0,3,3,2
776,0,3,0,18.0,0,0,7.75,0.0,0,1,1,1,1,0
777,0,3,0,25.0,0,0,7.75,2.0,1,1,1,1,1,0
778,1,3,1,5.0,0,0,12.475,0.0,0,1,1,2,0,1
779,0,3,0,25.0,0,0,7.7375,2.0,0,1,1,1,1,0
780,1,1,1,43.0,0,1,211.3375,0.0,1,2,0,3,2,3
781,1,3,1,13.0,0,0,7.2292,1.0,0,1,1,2,0,0
782,1,1,1,17.0,1,0,57.0,0.0,1,2,0,3,1,3
783,0,1,0,29.0,0,0,30.0,0.0,1,1,1,1,1,2
784,0,3,0,25.0,1,2,23.45,0.0,0,4,0,1,1,2
785,0,3,0,25.0,0,0,7.05,0.0,0,1,1,1,1,0
786,0,3,0,25.0,0,0,7.25,0.0,0,1,1,1,1,0
787,1,3,1,18.0,0,0,7.4958,0.0,0,1,1,2,1,0
788,0,3,0,8.0,4,1,29.125,2.0,0,6,0,4,0,2
789,1,3,0,1.0,1,2,20.575,0.0,0,4,0,4,0,2
790,0,1,0,46.0,0,0,79.2,1.0,1,1,1,1,2,3
791,0,3,0,25.0,0,0,7.75,2.0,0,1,1,1,1,0
792,0,2,0,16.0,0,0,26.0,0.0,0,1,1,1,0,2
793,0,3,1,21.5,8,2,69.55,0.0,0,11,0,2,1,3
794,0,1,0,40.0,0,0,30.6958,1.0,0,1,1,1,2,2
795,0,3,0,25.0,0,0,7.8958,0.0,0,1,1,1,1,0
796,0,2,0,39.0,0,0,13.0,0.0,0,1,1,1,2,1
797,1,1,1,49.0,0,0,25.9292,0.0,1,1,1,5,3,2
798,1,3,1,31.0,0,0,8.6833,0.0,0,1,1,3,1,1
799,0,3,0,30.0,0,0,7.2292,1.0,0,1,1,1,1,0
800,0,3,1,30.0,1,1,24.15,0.0,0,3,0,3,1,2
801,0,2,0,34.0,0,0,13.0,0.0,0,1,1,1,2,1
802,1,2,1,31.0,1,1,26.25,0.0,0,3,0,3,1,2
803,1,1,0,11.0,1,2,120.0,0.0,1,4,0,4,0,3
804,1,3,0,0.42,0,1,8.5167,1.0,0,2,0,4,0,1
805,1,3,0,27.0,0,0,6.975,0.0,0,1,1,1,1,0
806,0,3,0,31.0,0,0,7.775,0.0,0,1,1,1,1,0
807,0,1,0,39.0,0,0,0.0,0.0,1,1,1,1,2,0
808,0,3,1,18.0,0,0,7.775,0.0,0,1,1,2,1,0
809,0,2,0,39.0,0,0,13.0,0.0,0,1,1,1,2,1
810,1,1,1,33.0,1,0,53.1,0.0,1,2,0,3,2,3
811,0,3,0,26.0,0,0,7.8875,0.0,0,1,1,1,1,0
812,0,3,0,39.0,0,0,24.15,0.0,0,1,1,1,2,2
813,0,2,0,35.0,0,0,10.5,0.0,0,1,1,1,2,1
814,0,3,1,6.0,4,2,31.275,0.0,0,7,0,2,0,3
815,0,3,0,30.5,0,0,8.05,0.0,0,1,1,1,1,1
816,0,1,0,40.0,0,0,0.0,0.0,1,1,1,1,2,0
817,0,3,1,23.0,0,0,7.925,0.0,0,1,1,2,1,1
818,0,2,0,31.0,1,1,37.0042,1.0,0,3,0,1,1,3
819,0,3,0,43.0,0,0,6.45,0.0,0,1,1,1,2,0
820,0,3,0,10.0,3,2,27.9,0.0,0,6,0,4,0,2
821,1,1,1,52.0,1,1,93.5,0.0,1,3,0,3,3,3
822,1,3,0,27.0,0,0,8.6625,0.0,0,1,1,1,1,1
823,0,1,0,38.0,0,0,0.0,0.0,0,1,1,5,2,0
824,1,3,1,27.0,0,1,12.475,0.0,1,2,0,3,1,1
825,0,3,0,2.0,4,1,39.6875,0.0,0,6,0,4,0,3
826,0,3,0,25.0,0,0,6.95,2.0,0,1,1,1,1,0
827,0,3,0,25.0,0,0,56.4958,0.0,0,1,1,1,1,3
828,1,2,0,1.0,0,2,37.0042,1.0,0,3,0,4,0,3
829,1,3,0,25.0,0,0,7.75,2.0,0,1,1,1,1,0
830,1,1,1,62.0,0,0,80.0,0.0,1,1,1,3,3,3
831,1,3,1,15.0,1,0,14.4542,1.0,0,2,0,3,0,1
832,1,2,0,0.83,1,1,18.75,0.0,0,3,0,4,0,2
833,0,3,0,25.0,0,0,7.2292,1.0,0,1,1,1,1,0
834,0,3,0,23.0,0,0,7.8542,0.0,0,1,1,1,1,0
835,0,3,0,18.0,0,0,8.3,0.0,0,1,1,1,1,1
836,1,1,1,39.0,1,1,83.1583,1.0,1,3,0,2,2,3
837,0,3,0,21.0,0,0,8.6625,0.0,0,1,1,1,1,1
838,0,3,0,25.0,0,0,8.05,0.0,0,1,1,1,1,1
839,1,3,0,32.0,0,0,56.4958,0.0,0,1,1,1,1,3
840,1,1,0,40.0,0,0,29.7,1.0,1,1,1,1,2,2
841,0,3,0,20.0,0,0,7.925,0.0,0,1,1,1,1,1
842,0,2,0,16.0,0,0,10.5,0.0,0,1,1,1,0,1
843,1,1,1,30.0,0,0,31.0,1.0,0,1,1,2,1,2
844,0,3,0,34.5,0,0,6.4375,1.0,0,1,1,1,2,0
845,0,3,0,17.0,0,0,8.6625,0.0,0,1,1,1,1,1
846,0,3,0,42.0,0,0,7.55,0.0,0,1,1,1,2,0
847,0,3,0,25.0,8,2,69.55,0.0,0,11,0,1,1,3
848,0,3,0,35.0,0,0,7.8958,1.0,0,1,1,1,2,0
849,0,2,0,28.0,0,1,33.0,0.0,0,2,0,5,1,3
850,1,1,1,35.0,1,0,89.1042,1.0,1,2,0,3,2,3
851,0,3,0,4.0,4,2,31.275,0.0,0,7,0,4,0,3
852,0,3,0,74.0,0,0,7.775,0.0,0,1,1,1,4,0
853,0,3,1,9.0,1,1,15.2458,1.0,0,3,0,2,0,2
854,1,1,1,16.0,0,1,39.4,0.0,1,2,0,2,0,3
855,0,2,1,44.0,1,0,26.0,0.0,0,2,0,3,2,2
856,1,3,1,18.0,0,1,9.35,0.0,0,2,0,3,1,1
857,1,1,1,45.0,1,1,164.8667,0.0,0,3,0,3,2,3
858,1,1,0,51.0,0,0,26.55,0.0,1,1,1,1,3,2
859,1,3,1,24.0,0,3,19.2583,1.0,0,4,0,3,1,2
860,0,3,0,25.0,0,0,7.2292,1.0,0,1,1,1,1,0
861,0,3,0,41.0,2,0,14.1083,0.0,0,3,0,1,2,1
862,0,2,0,21.0,1,0,11.5,0.0,0,2,0,1,1,1
863,1,1,1,48.0,0,0,25.9292,0.0,1,1,1,3,2,2
864,0,3,1,21.5,8,2,69.55,0.0,0,11,0,2,1,3
865,0,2,0,24.0,0,0,13.0,0.0,0,1,1,1,1,1
866,1,2,1,42.0,0,0,13.0,0.0,0,1,1,3,2,1
867,1,2,1,27.0,1,0,13.8583,1.0,0,2,0,2,1,1
868,0,1,0,31.0,0,0,50.4958,0.0,1,1,1,1,1,3
869,0,3,0,25.0,0,0,9.5,0.0,0,1,1,1,1,1
870,1,3,0,4.0,1,1,11.1333,0.0,0,3,0,4,0,1
871,0,3,0,26.0,0,0,7.8958,0.0,0,1,1,1,1,0
872,1,1,1,47.0,1,1,52.5542,0.0,1,3,0,3,2,3
873,0,1,0,33.0,0,0,5.0,0.0,1,1,1,1,2,0
874,0,3,0,47.0,0,0,9.0,0.0,0,1,1,1,2,1
875,1,2,1,28.0,1,0,24.0,1.0,0,2,0,3,1,2
876,1,3,1,15.0,0,0,7.225,1.0,0,1,1,2,0,0
877,0,3,0,20.0,0,0,9.8458,0.0,0,1,1,1,1,1
878,0,3,0,19.0,0,0,7.8958,0.0,0,1,1,1,1,0
879,0,3,0,25.0,0,0,7.8958,0.0,0,1,1,1,1,0
880,1,1,1,56.0,0,1,83.1583,1.0,1,2,0,3,3,3
881,1,2,1,25.0,0,1,26.0,0.0,0,2,0,3,1,2
882,0,3,0,33.0,0,0,7.8958,0.0,0,1,1,1,2,0
883,0,3,1,22.0,0,0,10.5167,0.0,0,1,1,2,1,1
884,0,2,0,28.0,0,0,10.5,0.0,0,1,1,1,1,1
885,0,3,0,25.0,0,0,7.05,0.0,0,1,1,1,1,0
886,0,3,1,39.0,0,5,29.125,2.0,0,6,0,3,2,2
887,0,2,0,27.0,0,0,13.0,0.0,0,1,1,5,1,1
888,1,1,1,19.0,0,0,30.0,0.0,1,1,1,2,1,2
889,0,3,1,21.5,1,2,23.45,0.0,0,4,0,2,1,2
890,1,1,0,26.0,0,0,30.0,1.0,1,1,1,1,1,2
891,0,3,0,32.0,0,0,7.75,2.0,0,1,1,1,1,0
